T,TND,N,cohs,S,K,A,i,thresh
50,2,500,"[0.06, 0.12, 0.25, 0.5, 1.0]",1,2,1,0,1.0290978076396946
50,2,500,"[0.06, 0.12, 0.25, 0.5, 1.0]",1,2,1,1,1.2277357953510597
50,2,500,"[0.06, 0.12, 0.25, 0.5, 1.0]",1,2,1,2,1.0475966901865905
50,2,500,"[0.06, 0.12, 0.25, 0.5, 1.0]",1,2,1,3,nan
50,2,500,"[0.06, 0.12, 0.25, 0.5, 1.0]",1,2,1,4,nan
50,2,500,"[0.06, 0.12, 0.25, 0.5, 1.0]",1,2,1,5,nan
50,2,500,"[0.06, 0.12, 0.25, 0.5, 1.0]",1,2,1,6,nan
50,2,500,"[0.06, 0.12, 0.25, 0.5, 1.0]",1,2,1,7,nan
50,2,500,"[0.06, 0.12, 0.25, 0.5, 1.0]",1,2,1,8,nan
50,2,500,"[0.06, 0.12, 0.25, 0.5, 1.0]",1,2,1,9,nan
50,2,500,"[0.06, 0.12, 0.25, 0.5, 1.0]",1,2,1,10,nan
50,2,500,"[0.06, 0.12, 0.25, 0.5, 1.0]",1,2,1,11,nan
50,2,500,"[0.06, 0.12, 0.25, 0.5, 1.0]",1,2,1,12,nan
50,2,500,"[0.06, 0.12, 0.25, 0.5, 1.0]",1,2,1,13,nan
50,2,500,"[0.06, 0.12, 0.25, 0.5, 1.0]",1,2,1,14,nan
50,2,500,"[0.06, 0.12, 0.25, 0.5, 1.0]",1,2,1,15,nan
50,2,500,"[0.06, 0.12, 0.25, 0.5, 1.0]",1,2,1,16,nan
50,2,500,"[0.06, 0.12, 0.25, 0.5, 1.0]",1,2,1,17,nan
50,2,500,"[0.06, 0.12, 0.25, 0.5, 1.0]",1,2,1,18,nan
50,2,500,"[0.06, 0.12, 0.25, 0.5, 1.0]",1,2,1,19,nan
50,2,500,"[0.06, 0.12, 0.25, 0.5, 1.0]",1,2,1,20,nan
50,2,500,"[0.06, 0.12, 0.25, 0.5, 1.0]",1,2,1,21,nan
50,2,500,"[0.06, 0.12, 0.25, 0.5, 1.0]",1,2,1,22,nan
50,2,500,"[0.06, 0.12, 0.25, 0.5, 1.0]",1,2,1,23,nan
50,2,500,"[0.06, 0.12, 0.25, 0.5, 1.0]",1,2,1,24,nan
50,2,500,"[0.06, 0.12, 0.25, 0.5, 1.0]",1,2,1,25,nan
50,2,500,"[0.06, 0.12, 0.25, 0.5, 1.0]",1,2,1,26,nan
50,2,500,"[0.06, 0.12, 0.25, 0.5, 1.0]",1,2,1,27,nan
50,2,500,"[0.06, 0.12, 0.25, 0.5, 1.0]",1,2,1,28,nan
50,2,500,"[0.06, 0.12, 0.25, 0.5, 1.0]",1,2,1,29,nan
50,2,500,"[0.06, 0.12, 0.25, 0.5, 1.0]",1,2,1,30,nan
50,2,500,"[0.06, 0.12, 0.25, 0.5, 1.0]",1,2,1,31,nan
50,2,500,"[0.06, 0.12, 0.25, 0.5, 1.0]",1,2,1,32,nan
50,2,500,"[0.06, 0.12, 0.25, 0.5, 1.0]",1,2,1,33,nan
50,2,500,"[0.06, 0.12, 0.25, 0.5, 1.0]",1,2,1,34,nan
50,2,500,"[0.06, 0.12, 0.25, 0.5, 1.0]",1,2,1,35,nan
50,2,500,"[0.06, 0.12, 0.25, 0.5, 1.0]",1,2,1,36,nan
50,2,500,"[0.06, 0.12, 0.25, 0.5, 1.0]",1,2,1,37,nan
50,2,500,"[0.06, 0.12, 0.25, 0.5, 1.0]",1,2,1,38,nan
50,2,500,"[0.06, 0.12, 0.25, 0.5, 1.0]",1,2,1,39,nan
50,2,500,"[0.06, 0.12, 0.25, 0.5, 1.0]",1,2,1,40,nan
50,2,500,"[0.06, 0.12, 0.25, 0.5, 1.0]",1,2,1,41,nan
50,2,500,"[0.06, 0.12, 0.25, 0.5, 1.0]",1,2,1,42,nan
50,2,500,"[0.06, 0.12, 0.25, 0.5, 1.0]",1,2,1,43,nan
50,2,500,"[0.06, 0.12, 0.25, 0.5, 1.0]",1,2,1,44,nan
50,2,500,"[0.06, 0.12, 0.25, 0.5, 1.0]",1,2,1,45,nan
50,2,500,"[0.06, 0.12, 0.25, 0.5, 1.0]",1,2,1,46,nan
50,2,500,"[0.06, 0.12, 0.25, 0.5, 1.0]",1,2,1,47,nan
50,2,500,"[0.06, 0.12, 0.25, 0.5, 1.0]",1,2,1,48,nan
50,2,500,"[0.06, 0.12, 0.25, 0.5, 1.0]",1,2,1,49,nan
50,2,500,"[0.06, 0.12, 0.25, 0.5, 1.0]",1,2,1,50,nan
50,2,500,"[0.06, 0.12, 0.25, 0.5, 1.0]",2,2,2,0,1.0290978076396946
50,2,500,"[0.06, 0.12, 0.25, 0.5, 1.0]",2,2,2,1,2.3096231379069438
50,2,500,"[0.06, 0.12, 0.25, 0.5, 1.0]",2,2,2,2,3.9036318122811293
50,2,500,"[0.06, 0.12, 0.25, 0.5, 1.0]",2,2,2,3,1.6297293681240401
50,2,500,"[0.06, 0.12, 0.25, 0.5, 1.0]",2,2,2,4,1.3163443787986888
50,2,500,"[0.06, 0.12, 0.25, 0.5, 1.0]",2,2,2,5,nan
50,2,500,"[0.06, 0.12, 0.25, 0.5, 1.0]",2,2,2,6,nan
50,2,500,"[0.06, 0.12, 0.25, 0.5, 1.0]",2,2,2,7,nan
50,2,500,"[0.06, 0.12, 0.25, 0.5, 1.0]",2,2,2,8,nan
50,2,500,"[0.06, 0.12, 0.25, 0.5, 1.0]",2,2,2,9,nan
50,2,500,"[0.06, 0.12, 0.25, 0.5, 1.0]",2,2,2,10,nan
50,2,500,"[0.06, 0.12, 0.25, 0.5, 1.0]",2,2,2,11,nan
50,2,500,"[0.06, 0.12, 0.25, 0.5, 1.0]",2,2,2,12,nan
50,2,500,"[0.06, 0.12, 0.25, 0.5, 1.0]",2,2,2,13,nan
50,2,500,"[0.06, 0.12, 0.25, 0.5, 1.0]",2,2,2,14,nan
50,2,500,"[0.06, 0.12, 0.25, 0.5, 1.0]",2,2,2,15,nan
50,2,500,"[0.06, 0.12, 0.25, 0.5, 1.0]",2,2,2,16,nan
50,2,500,"[0.06, 0.12, 0.25, 0.5, 1.0]",2,2,2,17,nan
50,2,500,"[0.06, 0.12, 0.25, 0.5, 1.0]",2,2,2,18,nan
50,2,500,"[0.06, 0.12, 0.25, 0.5, 1.0]",2,2,2,19,nan
50,2,500,"[0.06, 0.12, 0.25, 0.5, 1.0]",2,2,2,20,nan
50,2,500,"[0.06, 0.12, 0.25, 0.5, 1.0]",2,2,2,21,nan
50,2,500,"[0.06, 0.12, 0.25, 0.5, 1.0]",2,2,2,22,nan
50,2,500,"[0.06, 0.12, 0.25, 0.5, 1.0]",2,2,2,23,nan
50,2,500,"[0.06, 0.12, 0.25, 0.5, 1.0]",2,2,2,24,nan
50,2,500,"[0.06, 0.12, 0.25, 0.5, 1.0]",2,2,2,25,nan
50,2,500,"[0.06, 0.12, 0.25, 0.5, 1.0]",2,2,2,26,nan
50,2,500,"[0.06, 0.12, 0.25, 0.5, 1.0]",2,2,2,27,nan
50,2,500,"[0.06, 0.12, 0.25, 0.5, 1.0]",2,2,2,28,nan
50,2,500,"[0.06, 0.12, 0.25, 0.5, 1.0]",2,2,2,29,nan
50,2,500,"[0.06, 0.12, 0.25, 0.5, 1.0]",2,2,2,30,nan
50,2,500,"[0.06, 0.12, 0.25, 0.5, 1.0]",2,2,2,31,nan
50,2,500,"[0.06, 0.12, 0.25, 0.5, 1.0]",2,2,2,32,nan
50,2,500,"[0.06, 0.12, 0.25, 0.5, 1.0]",2,2,2,33,nan
50,2,500,"[0.06, 0.12, 0.25, 0.5, 1.0]",2,2,2,34,nan
50,2,500,"[0.06, 0.12, 0.25, 0.5, 1.0]",2,2,2,35,nan
50,2,500,"[0.06, 0.12, 0.25, 0.5, 1.0]",2,2,2,36,nan
50,2,500,"[0.06, 0.12, 0.25, 0.5, 1.0]",2,2,2,37,nan
50,2,500,"[0.06, 0.12, 0.25, 0.5, 1.0]",2,2,2,38,nan
50,2,500,"[0.06, 0.12, 0.25, 0.5, 1.0]",2,2,2,39,nan
50,2,500,"[0.06, 0.12, 0.25, 0.5, 1.0]",2,2,2,40,nan
50,2,500,"[0.06, 0.12, 0.25, 0.5, 1.0]",2,2,2,41,nan
50,2,500,"[0.06, 0.12, 0.25, 0.5, 1.0]",2,2,2,42,nan
50,2,500,"[0.06, 0.12, 0.25, 0.5, 1.0]",2,2,2,43,nan
50,2,500,"[0.06, 0.12, 0.25, 0.5, 1.0]",2,2,2,44,nan
50,2,500,"[0.06, 0.12, 0.25, 0.5, 1.0]",2,2,2,45,nan
50,2,500,"[0.06, 0.12, 0.25, 0.5, 1.0]",2,2,2,46,nan
50,2,500,"[0.06, 0.12, 0.25, 0.5, 1.0]",2,2,2,47,nan
50,2,500,"[0.06, 0.12, 0.25, 0.5, 1.0]",2,2,2,48,nan
50,2,500,"[0.06, 0.12, 0.25, 0.5, 1.0]",2,2,2,49,nan
50,2,500,"[0.06, 0.12, 0.25, 0.5, 1.0]",2,2,2,50,nan
50,2,500,"[0.06, 0.12, 0.25, 0.5, 1.0]",1,2,2,0,1.0290978076396946
50,2,500,"[0.06, 0.12, 0.25, 0.5, 1.0]",1,2,2,1,1.3503248981791678
50,2,500,"[0.06, 0.12, 0.25, 0.5, 1.0]",1,2,2,2,1.2113913441960336
50,2,500,"[0.06, 0.12, 0.25, 0.5, 1.0]",1,2,2,3,0.57638831498679632
50,2,500,"[0.06, 0.12, 0.25, 0.5, 1.0]",1,2,2,4,0.3784298825606941
50,2,500,"[0.06, 0.12, 0.25, 0.5, 1.0]",1,2,2,5,0.29793539853637435
50,2,500,"[0.06, 0.12, 0.25, 0.5, 1.0]",1,2,2,6,0.25594693538310354
50,2,500,"[0.06, 0.12, 0.25, 0.5, 1.0]",1,2,2,7,0.24904759371973995
50,2,500,"[0.06, 0.12, 0.25, 0.5, 1.0]",1,2,2,8,0.22823299053478435
50,2,500,"[0.06, 0.12, 0.25, 0.5, 1.0]",1,2,2,9,0.20781740504259788
50,2,500,"[0.06, 0.12, 0.25, 0.5, 1.0]",1,2,2,10,0.19645108302925021
50,2,500,"[0.06, 0.12, 0.25, 0.5, 1.0]",1,2,2,11,0.19422793322286791
50,2,500,"[0.06, 0.12, 0.25, 0.5, 1.0]",1,2,2,12,0.19129460111561475
50,2,500,"[0.06, 0.12, 0.25, 0.5, 1.0]",1,2,2,13,0.18824063560136922
50,2,500,"[0.06, 0.12, 0.25, 0.5, 1.0]",1,2,2,14,0.18337039793046803
50,2,500,"[0.06, 0.12, 0.25, 0.5, 1.0]",1,2,2,15,0.18327516461601212
50,2,500,"[0.06, 0.12, 0.25, 0.5, 1.0]",1,2,2,16,0.18219439796124834
50,2,500,"[0.06, 0.12, 0.25, 0.5, 1.0]",1,2,2,17,0.17955418777165083
50,2,500,"[0.06, 0.12, 0.25, 0.5, 1.0]",1,2,2,18,0.17820483039594701
50,2,500,"[0.06, 0.12, 0.25, 0.5, 1.0]",1,2,2,19,0.17797571796011677
50,2,500,"[0.06, 0.12, 0.25, 0.5, 1.0]",1,2,2,20,0.17861570336088445
50,2,500,"[0.06, 0.12, 0.25, 0.5, 1.0]",1,2,2,21,0.17847671517399225
50,2,500,"[0.06, 0.12, 0.25, 0.5, 1.0]",1,2,2,22,0.17609725055415873
50,2,500,"[0.06, 0.12, 0.25, 0.5, 1.0]",1,2,2,23,0.17609725055415873
50,2,500,"[0.06, 0.12, 0.25, 0.5, 1.0]",1,2,2,24,0.17676636670945625
50,2,500,"[0.06, 0.12, 0.25, 0.5, 1.0]",1,2,2,25,0.17676636670945625
50,2,500,"[0.06, 0.12, 0.25, 0.5, 1.0]",1,2,2,26,0.1759397137691163
50,2,500,"[0.06, 0.12, 0.25, 0.5, 1.0]",1,2,2,27,0.1759397137691163
50,2,500,"[0.06, 0.12, 0.25, 0.5, 1.0]",1,2,2,28,0.1759397137691163
50,2,500,"[0.06, 0.12, 0.25, 0.5, 1.0]",1,2,2,29,0.1759397137691163
50,2,500,"[0.06, 0.12, 0.25, 0.5, 1.0]",1,2,2,30,0.1759397137691163
50,2,500,"[0.06, 0.12, 0.25, 0.5, 1.0]",1,2,2,31,0.1759397137691163
50,2,500,"[0.06, 0.12, 0.25, 0.5, 1.0]",1,2,2,32,0.1759397137691163
50,2,500,"[0.06, 0.12, 0.25, 0.5, 1.0]",1,2,2,33,0.1759397137691163
50,2,500,"[0.06, 0.12, 0.25, 0.5, 1.0]",1,2,2,34,0.1759397137691163
50,2,500,"[0.06, 0.12, 0.25, 0.5, 1.0]",1,2,2,35,0.1759397137691163
50,2,500,"[0.06, 0.12, 0.25, 0.5, 1.0]",1,2,2,36,0.1759397137691163
50,2,500,"[0.06, 0.12, 0.25, 0.5, 1.0]",1,2,2,37,0.1759397137691163
50,2,500,"[0.06, 0.12, 0.25, 0.5, 1.0]",1,2,2,38,0.1759397137691163
50,2,500,"[0.06, 0.12, 0.25, 0.5, 1.0]",1,2,2,39,0.1759397137691163
50,2,500,"[0.06, 0.12, 0.25, 0.5, 1.0]",1,2,2,40,0.1759397137691163
50,2,500,"[0.06, 0.12, 0.25, 0.5, 1.0]",1,2,2,41,0.1759397137691163
50,2,500,"[0.06, 0.12, 0.25, 0.5, 1.0]",1,2,2,42,0.1759397137691163
50,2,500,"[0.06, 0.12, 0.25, 0.5, 1.0]",1,2,2,43,0.1759397137691163
50,2,500,"[0.06, 0.12, 0.25, 0.5, 1.0]",1,2,2,44,0.1759397137691163
50,2,500,"[0.06, 0.12, 0.25, 0.5, 1.0]",1,2,2,45,0.1759397137691163
50,2,500,"[0.06, 0.12, 0.25, 0.5, 1.0]",1,2,2,46,0.1759397137691163
50,2,500,"[0.06, 0.12, 0.25, 0.5, 1.0]",1,2,2,47,0.1759397137691163
50,2,500,"[0.06, 0.12, 0.25, 0.5, 1.0]",1,2,2,48,0.1759397137691163
50,2,500,"[0.06, 0.12, 0.25, 0.5, 1.0]",1,2,2,49,0.1759397137691163
50,2,500,"[0.06, 0.12, 0.25, 0.5, 1.0]",1,2,2,50,0.1759397137691163
50,2,500,"[0.06, 0.12, 0.25, 0.5, 1.0]",2,1,1,0,1.0290978076396946
50,2,500,"[0.06, 0.12, 0.25, 0.5, 1.0]",2,1,1,1,1.3240400021845113
50,2,500,"[0.06, 0.12, 0.25, 0.5, 1.0]",2,1,1,2,1.0155797409042624
50,2,500,"[0.06, 0.12, 0.25, 0.5, 1.0]",2,1,1,3,1.0412945227093389
50,2,500,"[0.06, 0.12, 0.25, 0.5, 1.0]",2,1,1,4,2.1384619705399683
50,2,500,"[0.06, 0.12, 0.25, 0.5, 1.0]",2,1,1,5,2.0816212647139234
50,2,500,"[0.06, 0.12, 0.25, 0.5, 1.0]",2,1,1,6,2.2221345873541329
50,2,500,"[0.06, 0.12, 0.25, 0.5, 1.0]",2,1,1,7,2.2221345873541329
50,2,500,"[0.06, 0.12, 0.25, 0.5, 1.0]",2,1,1,8,2.2221345873541329
50,2,500,"[0.06, 0.12, 0.25, 0.5, 1.0]",2,1,1,9,2.2221345873541329
50,2,500,"[0.06, 0.12, 0.25, 0.5, 1.0]",2,1,1,10,2.2221345873541329
50,2,500,"[0.06, 0.12, 0.25, 0.5, 1.0]",2,1,1,11,2.2221345873541329
50,2,500,"[0.06, 0.12, 0.25, 0.5, 1.0]",2,1,1,12,2.2221345873541329
50,2,500,"[0.06, 0.12, 0.25, 0.5, 1.0]",2,1,1,13,2.2221345873541329
50,2,500,"[0.06, 0.12, 0.25, 0.5, 1.0]",2,1,1,14,2.2221345873541329
50,2,500,"[0.06, 0.12, 0.25, 0.5, 1.0]",2,1,1,15,2.2221345873541329
50,2,500,"[0.06, 0.12, 0.25, 0.5, 1.0]",2,1,1,16,2.2221345873541329
50,2,500,"[0.06, 0.12, 0.25, 0.5, 1.0]",2,1,1,17,2.2221345873541329
50,2,500,"[0.06, 0.12, 0.25, 0.5, 1.0]",2,1,1,18,2.2221345873541329
50,2,500,"[0.06, 0.12, 0.25, 0.5, 1.0]",2,1,1,19,2.2221345873541329
50,2,500,"[0.06, 0.12, 0.25, 0.5, 1.0]",2,1,1,20,2.2221345873541329
50,2,500,"[0.06, 0.12, 0.25, 0.5, 1.0]",2,1,1,21,2.2221345873541329
50,2,500,"[0.06, 0.12, 0.25, 0.5, 1.0]",2,1,1,22,2.2221345873541329
50,2,500,"[0.06, 0.12, 0.25, 0.5, 1.0]",2,1,1,23,2.2221345873541329
50,2,500,"[0.06, 0.12, 0.25, 0.5, 1.0]",2,1,1,24,2.2221345873541329
50,2,500,"[0.06, 0.12, 0.25, 0.5, 1.0]",2,1,1,25,2.2221345873541329
50,2,500,"[0.06, 0.12, 0.25, 0.5, 1.0]",2,1,1,26,2.2221345873541329
50,2,500,"[0.06, 0.12, 0.25, 0.5, 1.0]",2,1,1,27,2.2221345873541329
50,2,500,"[0.06, 0.12, 0.25, 0.5, 1.0]",2,1,1,28,2.2221345873541329
50,2,500,"[0.06, 0.12, 0.25, 0.5, 1.0]",2,1,1,29,2.2221345873541329
50,2,500,"[0.06, 0.12, 0.25, 0.5, 1.0]",2,1,1,30,2.2221345873541329
50,2,500,"[0.06, 0.12, 0.25, 0.5, 1.0]",2,1,1,31,2.2221345873541329
50,2,500,"[0.06, 0.12, 0.25, 0.5, 1.0]",2,1,1,32,2.2221345873541329
50,2,500,"[0.06, 0.12, 0.25, 0.5, 1.0]",2,1,1,33,2.2221345873541329
50,2,500,"[0.06, 0.12, 0.25, 0.5, 1.0]",2,1,1,34,2.2221345873541329
50,2,500,"[0.06, 0.12, 0.25, 0.5, 1.0]",2,1,1,35,2.2221345873541329
50,2,500,"[0.06, 0.12, 0.25, 0.5, 1.0]",2,1,1,36,2.2221345873541329
50,2,500,"[0.06, 0.12, 0.25, 0.5, 1.0]",2,1,1,37,2.2221345873541329
50,2,500,"[0.06, 0.12, 0.25, 0.5, 1.0]",2,1,1,38,2.2221345873541329
50,2,500,"[0.06, 0.12, 0.25, 0.5, 1.0]",2,1,1,39,2.2221345873541329
50,2,500,"[0.06, 0.12, 0.25, 0.5, 1.0]",2,1,1,40,2.2221345873541329
50,2,500,"[0.06, 0.12, 0.25, 0.5, 1.0]",2,1,1,41,2.2221345873541329
50,2,500,"[0.06, 0.12, 0.25, 0.5, 1.0]",2,1,1,42,2.2221345873541329
50,2,500,"[0.06, 0.12, 0.25, 0.5, 1.0]",2,1,1,43,2.2221345873541329
50,2,500,"[0.06, 0.12, 0.25, 0.5, 1.0]",2,1,1,44,2.2221345873541329
50,2,500,"[0.06, 0.12, 0.25, 0.5, 1.0]",2,1,1,45,2.2221345873541329
50,2,500,"[0.06, 0.12, 0.25, 0.5, 1.0]",2,1,1,46,2.2221345873541329
50,2,500,"[0.06, 0.12, 0.25, 0.5, 1.0]",2,1,1,47,2.2221345873541329
50,2,500,"[0.06, 0.12, 0.25, 0.5, 1.0]",2,1,1,48,2.2221345873541329
50,2,500,"[0.06, 0.12, 0.25, 0.5, 1.0]",2,1,1,49,2.2221345873541329
50,2,500,"[0.06, 0.12, 0.25, 0.5, 1.0]",2,1,1,50,2.2221345873541329
50,2,500,"[0.06, 0.12, 0.25, 0.5, 1.0]",1,1,2,0,1.0290978076396946
50,2,500,"[0.06, 0.12, 0.25, 0.5, 1.0]",1,1,2,1,1.0445642426182029
50,2,500,"[0.06, 0.12, 0.25, 0.5, 1.0]",1,1,2,2,1.0447761349699709
50,2,500,"[0.06, 0.12, 0.25, 0.5, 1.0]",1,1,2,3,1.2520831850297987
50,2,500,"[0.06, 0.12, 0.25, 0.5, 1.0]",1,1,2,4,0.70145107983620225
50,2,500,"[0.06, 0.12, 0.25, 0.5, 1.0]",1,1,2,5,0.52484042003852438
50,2,500,"[0.06, 0.12, 0.25, 0.5, 1.0]",1,1,2,6,0.48529898624301571
50,2,500,"[0.06, 0.12, 0.25, 0.5, 1.0]",1,1,2,7,0.43312351744498168
50,2,500,"[0.06, 0.12, 0.25, 0.5, 1.0]",1,1,2,8,0.43115512879264639
50,2,500,"[0.06, 0.12, 0.25, 0.5, 1.0]",1,1,2,9,0.40724648989889517
50,2,500,"[0.06, 0.12, 0.25, 0.5, 1.0]",1,1,2,10,0.38803959939455851
50,2,500,"[0.06, 0.12, 0.25, 0.5, 1.0]",1,1,2,11,0.37453773144348013
50,2,500,"[0.06, 0.12, 0.25, 0.5, 1.0]",1,1,2,12,0.35236983454219156
50,2,500,"[0.06, 0.12, 0.25, 0.5, 1.0]",1,1,2,13,0.3517863844300988
50,2,500,"[0.06, 0.12, 0.25, 0.5, 1.0]",1,1,2,14,0.33822545761732914
50,2,500,"[0.06, 0.12, 0.25, 0.5, 1.0]",1,1,2,15,0.34300025437959636
50,2,500,"[0.06, 0.12, 0.25, 0.5, 1.0]",1,1,2,16,0.34304457853125692
50,2,500,"[0.06, 0.12, 0.25, 0.5, 1.0]",1,1,2,17,0.33348859967351246
50,2,500,"[0.06, 0.12, 0.25, 0.5, 1.0]",1,1,2,18,0.32932696048186672
50,2,500,"[0.06, 0.12, 0.25, 0.5, 1.0]",1,1,2,19,0.32697433338882176
50,2,500,"[0.06, 0.12, 0.25, 0.5, 1.0]",1,1,2,20,0.32985451473036564
50,2,500,"[0.06, 0.12, 0.25, 0.5, 1.0]",1,1,2,21,0.3240387184142014
50,2,500,"[0.06, 0.12, 0.25, 0.5, 1.0]",1,1,2,22,0.32032601098195362
50,2,500,"[0.06, 0.12, 0.25, 0.5, 1.0]",1,1,2,23,0.31845867996146304
50,2,500,"[0.06, 0.12, 0.25, 0.5, 1.0]",1,1,2,24,0.31770837858015416
50,2,500,"[0.06, 0.12, 0.25, 0.5, 1.0]",1,1,2,25,0.31482567085256913
50,2,500,"[0.06, 0.12, 0.25, 0.5, 1.0]",1,1,2,26,0.31840627573017632
50,2,500,"[0.06, 0.12, 0.25, 0.5, 1.0]",1,1,2,27,0.31677906225460817
50,2,500,"[0.06, 0.12, 0.25, 0.5, 1.0]",1,1,2,28,0.31694114703891774
50,2,500,"[0.06, 0.12, 0.25, 0.5, 1.0]",1,1,2,29,0.31694114703891774
50,2,500,"[0.06, 0.12, 0.25, 0.5, 1.0]",1,1,2,30,0.31840627573017632
50,2,500,"[0.06, 0.12, 0.25, 0.5, 1.0]",1,1,2,31,0.31694114703891774
50,2,500,"[0.06, 0.12, 0.25, 0.5, 1.0]",1,1,2,32,0.31694114703891774
50,2,500,"[0.06, 0.12, 0.25, 0.5, 1.0]",1,1,2,33,0.31840627573017632
50,2,500,"[0.06, 0.12, 0.25, 0.5, 1.0]",1,1,2,34,0.31694114703891774
50,2,500,"[0.06, 0.12, 0.25, 0.5, 1.0]",1,1,2,35,0.31694114703891774
50,2,500,"[0.06, 0.12, 0.25, 0.5, 1.0]",1,1,2,36,0.31694114703891774
50,2,500,"[0.06, 0.12, 0.25, 0.5, 1.0]",1,1,2,37,0.31694114703891774
50,2,500,"[0.06, 0.12, 0.25, 0.5, 1.0]",1,1,2,38,0.31694114703891774
50,2,500,"[0.06, 0.12, 0.25, 0.5, 1.0]",1,1,2,39,0.31694114703891774
50,2,500,"[0.06, 0.12, 0.25, 0.5, 1.0]",1,1,2,40,0.31694114703891774
50,2,500,"[0.06, 0.12, 0.25, 0.5, 1.0]",1,1,2,41,0.31694114703891774
50,2,500,"[0.06, 0.12, 0.25, 0.5, 1.0]",1,1,2,42,0.31694114703891774
50,2,500,"[0.06, 0.12, 0.25, 0.5, 1.0]",1,1,2,43,0.31694114703891774
50,2,500,"[0.06, 0.12, 0.25, 0.5, 1.0]",1,1,2,44,0.31694114703891774
50,2,500,"[0.06, 0.12, 0.25, 0.5, 1.0]",1,1,2,45,0.31694114703891774
50,2,500,"[0.06, 0.12, 0.25, 0.5, 1.0]",1,1,2,46,0.31694114703891774
50,2,500,"[0.06, 0.12, 0.25, 0.5, 1.0]",1,1,2,47,0.31694114703891774
50,2,500,"[0.06, 0.12, 0.25, 0.5, 1.0]",1,1,2,48,0.31694114703891774
50,2,500,"[0.06, 0.12, 0.25, 0.5, 1.0]",1,1,2,49,0.31694114703891774
50,2,500,"[0.06, 0.12, 0.25, 0.5, 1.0]",1,1,2,50,0.31694114703891774
50,2,500,"[0.06, 0.12, 0.25, 0.5, 1.0]",2,2,1,0,1.0290978076396946
50,2,500,"[0.06, 0.12, 0.25, 0.5, 1.0]",2,2,1,1,1.3503248981791751
50,2,500,"[0.06, 0.12, 0.25, 0.5, 1.0]",2,2,1,2,1.0129704967629845
50,2,500,"[0.06, 0.12, 0.25, 0.5, 1.0]",2,2,1,3,2.8586256419859737
50,2,500,"[0.06, 0.12, 0.25, 0.5, 1.0]",2,2,1,4,2.9100227017943516
50,2,500,"[0.06, 0.12, 0.25, 0.5, 1.0]",2,2,1,5,3.0743986510345893
50,2,500,"[0.06, 0.12, 0.25, 0.5, 1.0]",2,2,1,6,3.0980187245523467
50,2,500,"[0.06, 0.12, 0.25, 0.5, 1.0]",2,2,1,7,3.0980187245523467
50,2,500,"[0.06, 0.12, 0.25, 0.5, 1.0]",2,2,1,8,3.0591538987995666
50,2,500,"[0.06, 0.12, 0.25, 0.5, 1.0]",2,2,1,9,3.0591538987995666
50,2,500,"[0.06, 0.12, 0.25, 0.5, 1.0]",2,2,1,10,3.0591538987995666
50,2,500,"[0.06, 0.12, 0.25, 0.5, 1.0]",2,2,1,11,3.0591538987995666
50,2,500,"[0.06, 0.12, 0.25, 0.5, 1.0]",2,2,1,12,3.0591538987995666
50,2,500,"[0.06, 0.12, 0.25, 0.5, 1.0]",2,2,1,13,3.0591538987995666
50,2,500,"[0.06, 0.12, 0.25, 0.5, 1.0]",2,2,1,14,3.0591538987995666
50,2,500,"[0.06, 0.12, 0.25, 0.5, 1.0]",2,2,1,15,3.0591538987995666
50,2,500,"[0.06, 0.12, 0.25, 0.5, 1.0]",2,2,1,16,3.0591538987995666
50,2,500,"[0.06, 0.12, 0.25, 0.5, 1.0]",2,2,1,17,3.0591538987995666
50,2,500,"[0.06, 0.12, 0.25, 0.5, 1.0]",2,2,1,18,3.0591538987995666
50,2,500,"[0.06, 0.12, 0.25, 0.5, 1.0]",2,2,1,19,3.0591538987995666
50,2,500,"[0.06, 0.12, 0.25, 0.5, 1.0]",2,2,1,20,3.0591538987995666
50,2,500,"[0.06, 0.12, 0.25, 0.5, 1.0]",2,2,1,21,3.0591538987995666
50,2,500,"[0.06, 0.12, 0.25, 0.5, 1.0]",2,2,1,22,3.0591538987995666
50,2,500,"[0.06, 0.12, 0.25, 0.5, 1.0]",2,2,1,23,3.0591538987995666
50,2,500,"[0.06, 0.12, 0.25, 0.5, 1.0]",2,2,1,24,3.0591538987995666
50,2,500,"[0.06, 0.12, 0.25, 0.5, 1.0]",2,2,1,25,3.0591538987995666
50,2,500,"[0.06, 0.12, 0.25, 0.5, 1.0]",2,2,1,26,3.0591538987995666
50,2,500,"[0.06, 0.12, 0.25, 0.5, 1.0]",2,2,1,27,3.0591538987995666
50,2,500,"[0.06, 0.12, 0.25, 0.5, 1.0]",2,2,1,28,3.0591538987995666
50,2,500,"[0.06, 0.12, 0.25, 0.5, 1.0]",2,2,1,29,3.0591538987995666
50,2,500,"[0.06, 0.12, 0.25, 0.5, 1.0]",2,2,1,30,3.0591538987995666
50,2,500,"[0.06, 0.12, 0.25, 0.5, 1.0]",2,2,1,31,3.0591538987995666
50,2,500,"[0.06, 0.12, 0.25, 0.5, 1.0]",2,2,1,32,3.0591538987995666
50,2,500,"[0.06, 0.12, 0.25, 0.5, 1.0]",2,2,1,33,3.0591538987995666
50,2,500,"[0.06, 0.12, 0.25, 0.5, 1.0]",2,2,1,34,3.0591538987995666
50,2,500,"[0.06, 0.12, 0.25, 0.5, 1.0]",2,2,1,35,3.0591538987995666
50,2,500,"[0.06, 0.12, 0.25, 0.5, 1.0]",2,2,1,36,3.0591538987995666
50,2,500,"[0.06, 0.12, 0.25, 0.5, 1.0]",2,2,1,37,3.0591538987995666
50,2,500,"[0.06, 0.12, 0.25, 0.5, 1.0]",2,2,1,38,3.0591538987995666
50,2,500,"[0.06, 0.12, 0.25, 0.5, 1.0]",2,2,1,39,3.0591538987995666
50,2,500,"[0.06, 0.12, 0.25, 0.5, 1.0]",2,2,1,40,3.0591538987995666
50,2,500,"[0.06, 0.12, 0.25, 0.5, 1.0]",2,2,1,41,3.0591538987995666
50,2,500,"[0.06, 0.12, 0.25, 0.5, 1.0]",2,2,1,42,3.0591538987995666
50,2,500,"[0.06, 0.12, 0.25, 0.5, 1.0]",2,2,1,43,3.0591538987995666
50,2,500,"[0.06, 0.12, 0.25, 0.5, 1.0]",2,2,1,44,3.0591538987995666
50,2,500,"[0.06, 0.12, 0.25, 0.5, 1.0]",2,2,1,45,3.0591538987995666
50,2,500,"[0.06, 0.12, 0.25, 0.5, 1.0]",2,2,1,46,3.0591538987995666
50,2,500,"[0.06, 0.12, 0.25, 0.5, 1.0]",2,2,1,47,3.0591538987995666
50,2,500,"[0.06, 0.12, 0.25, 0.5, 1.0]",2,2,1,48,3.0591538987995666
50,2,500,"[0.06, 0.12, 0.25, 0.5, 1.0]",2,2,1,49,3.0591538987995666
50,2,500,"[0.06, 0.12, 0.25, 0.5, 1.0]",2,2,1,50,3.0591538987995666
50,2,500,"[0.06, 0.12, 0.25, 0.5, 1.0]",2,1,2,0,1.0290978076396946
50,2,500,"[0.06, 0.12, 0.25, 0.5, 1.0]",2,1,2,1,1.055494356483867
50,2,500,"[0.06, 0.12, 0.25, 0.5, 1.0]",2,1,2,2,1.1424851743649109
50,2,500,"[0.06, 0.12, 0.25, 0.5, 1.0]",2,1,2,3,1.6339347752695199
50,2,500,"[0.06, 0.12, 0.25, 0.5, 1.0]",2,1,2,4,1.5313594078182706
50,2,500,"[0.06, 0.12, 0.25, 0.5, 1.0]",2,1,2,5,1.3872295237106465
50,2,500,"[0.06, 0.12, 0.25, 0.5, 1.0]",2,1,2,6,1.4057263691228163
50,2,500,"[0.06, 0.12, 0.25, 0.5, 1.0]",2,1,2,7,1.4332164244546008
50,2,500,"[0.06, 0.12, 0.25, 0.5, 1.0]",2,1,2,8,1.3896464015431298
50,2,500,"[0.06, 0.12, 0.25, 0.5, 1.0]",2,1,2,9,1.3998828624898001
50,2,500,"[0.06, 0.12, 0.25, 0.5, 1.0]",2,1,2,10,1.386176515204647
50,2,500,"[0.06, 0.12, 0.25, 0.5, 1.0]",2,1,2,11,1.386176515204647
50,2,500,"[0.06, 0.12, 0.25, 0.5, 1.0]",2,1,2,12,1.3713318122763123
50,2,500,"[0.06, 0.12, 0.25, 0.5, 1.0]",2,1,2,13,1.377253040115856
50,2,500,"[0.06, 0.12, 0.25, 0.5, 1.0]",2,1,2,14,1.3656218739580295
50,2,500,"[0.06, 0.12, 0.25, 0.5, 1.0]",2,1,2,15,1.3772511481597318
50,2,500,"[0.06, 0.12, 0.25, 0.5, 1.0]",2,1,2,16,1.3772511481597318
50,2,500,"[0.06, 0.12, 0.25, 0.5, 1.0]",2,1,2,17,1.3744181047581847
50,2,500,"[0.06, 0.12, 0.25, 0.5, 1.0]",2,1,2,18,1.3744181047581847
50,2,500,"[0.06, 0.12, 0.25, 0.5, 1.0]",2,1,2,19,1.3772511481597318
50,2,500,"[0.06, 0.12, 0.25, 0.5, 1.0]",2,1,2,20,1.3772511481597318
50,2,500,"[0.06, 0.12, 0.25, 0.5, 1.0]",2,1,2,21,1.3744181047581847
50,2,500,"[0.06, 0.12, 0.25, 0.5, 1.0]",2,1,2,22,1.3744181047581847
50,2,500,"[0.06, 0.12, 0.25, 0.5, 1.0]",2,1,2,23,1.3744181047581847
50,2,500,"[0.06, 0.12, 0.25, 0.5, 1.0]",2,1,2,24,1.3744181047581847
50,2,500,"[0.06, 0.12, 0.25, 0.5, 1.0]",2,1,2,25,1.3744181047581847
50,2,500,"[0.06, 0.12, 0.25, 0.5, 1.0]",2,1,2,26,1.3744181047581847
50,2,500,"[0.06, 0.12, 0.25, 0.5, 1.0]",2,1,2,27,1.3744181047581847
50,2,500,"[0.06, 0.12, 0.25, 0.5, 1.0]",2,1,2,28,1.3744181047581847
50,2,500,"[0.06, 0.12, 0.25, 0.5, 1.0]",2,1,2,29,1.3744181047581847
50,2,500,"[0.06, 0.12, 0.25, 0.5, 1.0]",2,1,2,30,1.3744181047581847
50,2,500,"[0.06, 0.12, 0.25, 0.5, 1.0]",2,1,2,31,1.3744181047581847
50,2,500,"[0.06, 0.12, 0.25, 0.5, 1.0]",2,1,2,32,1.3744181047581847
50,2,500,"[0.06, 0.12, 0.25, 0.5, 1.0]",2,1,2,33,1.3744181047581847
50,2,500,"[0.06, 0.12, 0.25, 0.5, 1.0]",2,1,2,34,1.3744181047581847
50,2,500,"[0.06, 0.12, 0.25, 0.5, 1.0]",2,1,2,35,1.3744181047581847
50,2,500,"[0.06, 0.12, 0.25, 0.5, 1.0]",2,1,2,36,1.3744181047581847
50,2,500,"[0.06, 0.12, 0.25, 0.5, 1.0]",2,1,2,37,1.3744181047581847
50,2,500,"[0.06, 0.12, 0.25, 0.5, 1.0]",2,1,2,38,1.3744181047581847
50,2,500,"[0.06, 0.12, 0.25, 0.5, 1.0]",2,1,2,39,1.3744181047581847
50,2,500,"[0.06, 0.12, 0.25, 0.5, 1.0]",2,1,2,40,1.3744181047581847
50,2,500,"[0.06, 0.12, 0.25, 0.5, 1.0]",2,1,2,41,1.3744181047581847
50,2,500,"[0.06, 0.12, 0.25, 0.5, 1.0]",2,1,2,42,1.3744181047581847
50,2,500,"[0.06, 0.12, 0.25, 0.5, 1.0]",2,1,2,43,1.3744181047581847
50,2,500,"[0.06, 0.12, 0.25, 0.5, 1.0]",2,1,2,44,1.3744181047581847
50,2,500,"[0.06, 0.12, 0.25, 0.5, 1.0]",2,1,2,45,1.3744181047581847
50,2,500,"[0.06, 0.12, 0.25, 0.5, 1.0]",2,1,2,46,1.3744181047581847
50,2,500,"[0.06, 0.12, 0.25, 0.5, 1.0]",2,1,2,47,1.3744181047581847
50,2,500,"[0.06, 0.12, 0.25, 0.5, 1.0]",2,1,2,48,1.3744181047581847
50,2,500,"[0.06, 0.12, 0.25, 0.5, 1.0]",2,1,2,49,1.3744181047581847
50,2,500,"[0.06, 0.12, 0.25, 0.5, 1.0]",2,1,2,50,1.3744181047581847
50,2,500,"[0.06, 0.12, 0.25, 0.5, 1.0]",1,1,1,0,1.0290978076396946
50,2,500,"[0.06, 0.12, 0.25, 0.5, 1.0]",1,1,1,1,1.0993928658368919
50,2,500,"[0.06, 0.12, 0.25, 0.5, 1.0]",1,1,1,2,1.4947199524278114
50,2,500,"[0.06, 0.12, 0.25, 0.5, 1.0]",1,1,1,3,1.2678830215773116
50,2,500,"[0.06, 0.12, 0.25, 0.5, 1.0]",1,1,1,4,1.1588132477532218
50,2,500,"[0.06, 0.12, 0.25, 0.5, 1.0]",1,1,1,5,nan
50,2,500,"[0.06, 0.12, 0.25, 0.5, 1.0]",1,1,1,6,nan
50,2,500,"[0.06, 0.12, 0.25, 0.5, 1.0]",1,1,1,7,nan
50,2,500,"[0.06, 0.12, 0.25, 0.5, 1.0]",1,1,1,8,nan
50,2,500,"[0.06, 0.12, 0.25, 0.5, 1.0]",1,1,1,9,nan
50,2,500,"[0.06, 0.12, 0.25, 0.5, 1.0]",1,1,1,10,nan
50,2,500,"[0.06, 0.12, 0.25, 0.5, 1.0]",1,1,1,11,nan
50,2,500,"[0.06, 0.12, 0.25, 0.5, 1.0]",1,1,1,12,nan
50,2,500,"[0.06, 0.12, 0.25, 0.5, 1.0]",1,1,1,13,nan
50,2,500,"[0.06, 0.12, 0.25, 0.5, 1.0]",1,1,1,14,nan
50,2,500,"[0.06, 0.12, 0.25, 0.5, 1.0]",1,1,1,15,nan
50,2,500,"[0.06, 0.12, 0.25, 0.5, 1.0]",1,1,1,16,nan
50,2,500,"[0.06, 0.12, 0.25, 0.5, 1.0]",1,1,1,17,nan
50,2,500,"[0.06, 0.12, 0.25, 0.5, 1.0]",1,1,1,18,nan
50,2,500,"[0.06, 0.12, 0.25, 0.5, 1.0]",1,1,1,19,nan
50,2,500,"[0.06, 0.12, 0.25, 0.5, 1.0]",1,1,1,20,nan
50,2,500,"[0.06, 0.12, 0.25, 0.5, 1.0]",1,1,1,21,nan
50,2,500,"[0.06, 0.12, 0.25, 0.5, 1.0]",1,1,1,22,nan
50,2,500,"[0.06, 0.12, 0.25, 0.5, 1.0]",1,1,1,23,nan
50,2,500,"[0.06, 0.12, 0.25, 0.5, 1.0]",1,1,1,24,nan
50,2,500,"[0.06, 0.12, 0.25, 0.5, 1.0]",1,1,1,25,nan
50,2,500,"[0.06, 0.12, 0.25, 0.5, 1.0]",1,1,1,26,nan
50,2,500,"[0.06, 0.12, 0.25, 0.5, 1.0]",1,1,1,27,nan
50,2,500,"[0.06, 0.12, 0.25, 0.5, 1.0]",1,1,1,28,nan
50,2,500,"[0.06, 0.12, 0.25, 0.5, 1.0]",1,1,1,29,nan
50,2,500,"[0.06, 0.12, 0.25, 0.5, 1.0]",1,1,1,30,nan
50,2,500,"[0.06, 0.12, 0.25, 0.5, 1.0]",1,1,1,31,nan
50,2,500,"[0.06, 0.12, 0.25, 0.5, 1.0]",1,1,1,32,nan
50,2,500,"[0.06, 0.12, 0.25, 0.5, 1.0]",1,1,1,33,nan
50,2,500,"[0.06, 0.12, 0.25, 0.5, 1.0]",1,1,1,34,nan
50,2,500,"[0.06, 0.12, 0.25, 0.5, 1.0]",1,1,1,35,nan
50,2,500,"[0.06, 0.12, 0.25, 0.5, 1.0]",1,1,1,36,nan
50,2,500,"[0.06, 0.12, 0.25, 0.5, 1.0]",1,1,1,37,nan
50,2,500,"[0.06, 0.12, 0.25, 0.5, 1.0]",1,1,1,38,nan
50,2,500,"[0.06, 0.12, 0.25, 0.5, 1.0]",1,1,1,39,nan
50,2,500,"[0.06, 0.12, 0.25, 0.5, 1.0]",1,1,1,40,nan
50,2,500,"[0.06, 0.12, 0.25, 0.5, 1.0]",1,1,1,41,nan
50,2,500,"[0.06, 0.12, 0.25, 0.5, 1.0]",1,1,1,42,nan
50,2,500,"[0.06, 0.12, 0.25, 0.5, 1.0]",1,1,1,43,nan
50,2,500,"[0.06, 0.12, 0.25, 0.5, 1.0]",1,1,1,44,nan
50,2,500,"[0.06, 0.12, 0.25, 0.5, 1.0]",1,1,1,45,nan
50,2,500,"[0.06, 0.12, 0.25, 0.5, 1.0]",1,1,1,46,nan
50,2,500,"[0.06, 0.12, 0.25, 0.5, 1.0]",1,1,1,47,nan
50,2,500,"[0.06, 0.12, 0.25, 0.5, 1.0]",1,1,1,48,nan
50,2,500,"[0.06, 0.12, 0.25, 0.5, 1.0]",1,1,1,49,nan
50,2,500,"[0.06, 0.12, 0.25, 0.5, 1.0]",1,1,1,50,nan
